{
  "focal_length": 4.1,
  "pixel_size": 0.001132,
  "fov": 0.869173,
  "img_width": 4608,
  "img_height": 3456
}